id,word,pinyin,meaning,level,created_at
0023bd55-2632-4f7b-8ce1-4479d3e386bf,除了,chúle,~외에도,3,2025-06-05 02:09:07.413227+00
00906704-d171-44cf-8e6a-411570159e01,其他,qítā,"기타, 다른 것",3,2025-06-05 02:09:07.413227+00
021ba545-596c-474e-9f94-efb1876bd3e7,感冒,gǎnmào,감기에 걸리다,3,2025-06-05 02:09:07.413227+00
0226be62-d5b0-42f8-910f-6414a4609ee6,刚才,gāngcái,"방금, 막",3,2025-06-05 02:09:07.413227+00
0253c69f-12ef-4983-98b6-9829e8593ca6,出现,chūxiàn,"출현하다, 나타나다",3,2025-06-05 02:09:07.413227+00
034fe7d6-ab24-4190-8c10-dfd7f1732b12,公园,gōngyuán,공원,3,2025-06-05 02:09:07.413227+00
04a8f142-824b-48c5-995a-909f9863f547,被,bèi,~에게 ~되다 (피동문),3,2025-06-05 02:09:07.413227+00
04deb51a-8547-443e-9ff3-110da97289b7,变化,biànhuà,변화하다,3,2025-06-05 02:09:07.413227+00
04fc6372-e670-4cbf-bafc-536e380c78df,认真,rènzhēn,"진지하다, 성실하다",3,2025-06-05 02:09:07.413227+00
052f82e2-16cb-47c8-949e-4478797da76f,表演,biǎoyǎn,"공연하다, 연기하다",3,2025-06-05 02:09:07.413227+00
0608c0e6-7529-43d2-b6ae-5c46117fada8,打算,dǎsuàn,계획하다,3,2025-06-05 02:09:07.413227+00
06586fd5-0661-4c9e-9eaf-07f92941ace7,联系,liánxì,연락하다,3,2025-06-05 02:09:07.413227+00
066f69f9-6d24-400b-b90a-03ca9f62a53c,渴,kě,목마르다,3,2025-06-05 02:09:07.413227+00
07b7bd4d-e712-4ad8-a604-496cf09811cb,带,dài,"지니다, 가져오다",3,2025-06-05 02:09:07.413227+00
0885ed8c-4aef-4f4a-8f69-976d35b6f80f,清楚,qīngchu,"분명하다, 명확하다",3,2025-06-05 02:09:07.413227+00
09010e26-03ef-4c93-9037-5f5b721cbb5b,兴趣,xìngqù,흥미,3,2025-06-05 02:09:07.413227+00
094914be-6000-4b4b-90cb-e9df444adfbe,年轻,niánqīng,젊다,3,2025-06-05 02:09:07.413227+00
0a24fe86-1df9-4995-b032-6b02dd22094f,银行,yínháng,은행,3,2025-06-05 02:09:07.413227+00
0ad5b848-1baa-4cd8-9a43-ad9a65e2eaa4,试,shì,시험 삼아 해보다,3,2025-06-05 02:09:07.413227+00
0c6cc6f2-350f-464a-a776-3fd1242b1b84,遇到,yùdào,우연히 만나다,3,2025-06-05 02:09:07.413227+00
0c7a47db-cd7e-4486-9fec-f75f2bbf594c,鸟,niǎo,새,3,2025-06-05 02:09:07.413227+00
0cc02e72-437a-4b5b-9a90-c1e95c558ef8,总是,zǒngshì,항상,3,2025-06-05 02:09:07.413227+00
0cccc994-bb68-4c46-ad80-0e19252c60a2,南,nán,남쪽,3,2025-06-05 02:09:07.413227+00
0e10e3e4-3538-402e-ba06-22930e5d91f4,提高,tígāo,향상시키다,3,2025-06-05 02:09:07.413227+00
0e1d4958-d747-4c2b-aca3-1f53034eba6d,表示,biǎoshì,"나타내다, 표시하다",3,2025-06-05 02:09:07.413227+00
0e74d2fe-dce9-4652-8c60-39b3e82efbb9,刷牙,shuāyá,이를 닦다,3,2025-06-05 02:09:07.413227+00
0ee38f08-12e2-4bed-bf50-07e28f471da4,办公室,bàngōngshì,사무실,3,2025-06-05 02:09:07.413227+00
0fb0020b-6c08-422c-bb27-53f6bd69de4f,相信,xiāngxìn,믿다,3,2025-06-05 02:09:07.413227+00
0fca2bfb-84c4-4ec0-81b8-54ca94435bfb,作用,zuòyòng,"작용, 역할",3,2025-06-05 02:09:07.413227+00
0ffdf1ec-7910-4ad9-8a7b-db749b25019d,帽子,màozi,모자,3,2025-06-05 02:09:07.413227+00
108eac1c-b879-40de-9f6d-46574236506a,城市,chéngshì,도시,3,2025-06-05 02:09:07.413227+00
113bdcff-4bd7-4dd6-bd18-51d3a0a6e4fe,太阳,tàiyáng,태양,3,2025-06-05 02:09:07.413227+00
12b173ee-e303-417a-8ee8-4005cd1985d4,元,yuán,위안 (중국 화폐 단위),3,2025-06-05 02:09:07.413227+00
131225df-da11-4356-a2d7-3f089b0a5d93,如果,rúguǒ,만약,3,2025-06-05 02:09:07.413227+00
13482ce0-5980-4f4d-bfeb-4505642933c1,只,zhǐ,"단지, 오직",3,2025-06-05 02:09:07.413227+00
13cedf62-bcf4-4922-a4d9-81e8ef8a00d2,成绩,chéngjì,성적,3,2025-06-05 02:09:07.413227+00
14142af1-2324-452d-8114-62fc63adf4e1,包,bāo,"가방, 싸다",3,2025-06-05 02:09:07.413227+00
14390dfc-92d6-4af4-8bf0-5e6c4f0fd3ad,动物,dòngwù,동물,3,2025-06-05 02:09:07.413227+00
14533121-b825-4859-853b-f81744d84130,对,duì,"~에게, ~에 대해",3,2025-06-05 02:09:07.413227+00
167a57b2-7cbd-4c8c-baa3-2dd578d25c74,东,dōng,동쪽,3,2025-06-05 02:09:07.413227+00
1857bb02-7f5b-4784-85ba-c5b610b3ae32,爱好,àihào,취미,3,2025-06-05 02:09:07.413227+00
1902c51d-1389-409b-9bd5-9e7646243a01,秋,qiū,가을,3,2025-06-05 02:09:07.413227+00
191a879c-9af2-436a-8ce8-59b96f2a1c49,主要,zhǔyào,주요한,3,2025-06-05 02:09:07.413227+00
1a29070a-81c4-4890-a328-3c9f4e4baa00,忘记,wàngjì,잊다,3,2025-06-05 02:09:07.413227+00
1b8cb17e-ab66-4e1f-86db-5802a61c697f,伞,sǎn,우산,3,2025-06-05 02:09:07.413227+00
1c2eda90-4bb3-4bf1-9098-2eba856e9d29,画,huà,그림을 그리다,3,2025-06-05 02:09:07.413227+00
1c8b1a3a-5a22-4512-af8d-cfe023816c6d,过去,guòqù,"과거, 지나가다",3,2025-06-05 02:09:07.413227+00
1d68dcef-32c8-48ca-b4a3-e0d2ee19fc4a,练习,liànxí,연습하다,3,2025-06-05 02:09:07.413227+00
1dd4511a-7288-4817-ab17-fd47460a29ed,根据,gēnjù,~에 근거하여,3,2025-06-05 02:09:07.413227+00
1eea76f2-70ad-486a-a02a-573fd22a2852,参加,cānjiā,참가하다,3,2025-06-05 02:09:07.413227+00
2127feee-0fc1-49f7-b2ab-4e0bdaf6fe0d,复习,fùxí,복습하다,3,2025-06-05 02:09:07.413227+00
22db6992-3148-4327-a5b3-d48618fbad65,见面,jiànmiàn,만나다,3,2025-06-05 02:09:07.413227+00
23354d71-9a7c-40bd-ada8-5eeff8cc5a93,电梯,diàntī,엘리베이터,3,2025-06-05 02:09:07.413227+00
239205c5-c783-4bdc-983d-8bb7ce2c7ad4,其实,qíshí,사실은,3,2025-06-05 02:09:07.413227+00
2489e061-301d-4c9a-b6ca-b0aa01d58cdf,包,bāo,"가방, 싸다",3,2025-06-05 02:09:07.413227+00
24c7e67f-63a1-416f-8116-967f84d0b032,菜单,càidān,메뉴판,3,2025-06-05 02:09:07.413227+00
26553cc4-16cd-415e-9ad4-c5fa629b843b,越,yuè,~할수록,3,2025-06-05 02:09:07.413227+00
287908ee-afc5-4072-9e5f-76231830a1b3,而且,érqiě,게다가,3,2025-06-05 02:09:07.413227+00
28e41e96-9780-430f-aa00-772e68cac2c3,熊猫,xióngmāo,판다,3,2025-06-05 02:09:07.413227+00
2945a9e8-1fe6-4112-80e7-fe55c521ac18,中文,zhōngwén,중국어,3,2025-06-05 02:09:07.413227+00
2a32b1f8-2b43-4b0d-a6af-27a122c007a7,万,wàn,만(10000),3,2025-06-05 02:09:07.413227+00
2b8df5ff-9ce9-4a53-a51f-145009c24371,把,bǎ,"~을(를) (개사), 손잡이",3,2025-06-05 02:09:07.413227+00
2c52f54f-90ab-4b12-993c-17526faaf2c7,头发,tóufa,머리카락,3,2025-06-05 02:09:07.413227+00
2c5bbddb-84a9-4aa2-8c98-ad9d3d3f8066,小心,xiǎoxīn,조심하다,3,2025-06-05 02:09:07.413227+00
2c88a2df-73f3-4791-b153-bd171dfb2d85,结束,jiéshù,끝나다,3,2025-06-05 02:09:07.413227+00
2ca150f1-e37d-4e25-bddd-683d742b508b,机会,jīhuì,기회,3,2025-06-05 02:09:07.413227+00
2de8b668-593c-4450-9d1a-5c6f4ba48432,新闻,xīnwén,뉴스,3,2025-06-05 02:09:07.413227+00
2e8494be-36c0-44e4-9648-3e99220024cd,地方,dìfang,장소,3,2025-06-05 02:09:07.413227+00
2e85f366-cd49-46d9-83d9-2b168bd357fc,安静,ānjìng,조용하다,3,2025-06-05 02:09:07.413227+00
2ecf605f-b8bd-4832-91c3-f07ad03ebac3,地铁,dìtiě,지하철,3,2025-06-05 02:09:07.413227+00
2ef97034-dbbd-4235-998a-cff3cecd4b5c,树,shù,나무,3,2025-06-05 02:09:07.413227+00
30130eea-6276-488c-9ac4-c778b152d014,一直,yìzhí,계속해서,3,2025-06-05 02:09:07.413227+00
3107adc6-ed59-42bb-8820-111388a97220,搬,bān,"옮기다, 이사하다",3,2025-06-05 02:09:07.413227+00
3392fbfc-d6ac-493d-a4cf-8cd2af50fede,差,chà,"차이가 나다, 부족하다",3,2025-06-05 02:09:07.413227+00
340689bf-c284-4570-b524-18424ccba128,一般,yìbān,일반적으로,3,2025-06-05 02:09:07.413227+00
342c7dfe-3d67-4410-a141-6e3599f74ded,照顾,zhàogù,돌보다,3,2025-06-05 02:09:07.413227+00
3591882a-bbe9-4cf4-8e38-bc1abd372da7,复习,fùxí,복습하다,3,2025-06-05 02:09:07.413227+00
3648a54f-7c6e-4bdb-81fa-e92408756ea2,口,kǒu,"입, 식구(가족 수)",3,2025-06-05 02:09:07.413227+00
3666f752-f112-4f05-8f61-eb85250e6789,体育,tǐyù,체육,3,2025-06-05 02:09:07.413227+00
37b36505-57db-4adb-82b9-6ca28c08aa02,天气预报,tiānqì yùbào,일기예보,3,2025-06-05 02:09:07.413227+00
3d1ee536-92ed-4aeb-b091-fcb690581a23,半,bàn,"절반, 반",3,2025-06-05 02:09:07.413227+00
3ed49da1-a530-4ae6-80bc-101afa552226,云,yún,구름,3,2025-06-05 02:09:07.413227+00
3fce159f-c44c-43df-b2e3-c2dc7c1b4266,还是,háishì,"여전히, 또는",3,2025-06-05 02:09:07.413227+00
416fdd02-6d7e-4655-89b4-62c79c022545,热情,rèqíng,"열정적이다, 친절하다",3,2025-06-05 02:09:07.413227+00
4365b09c-11d0-4125-b741-ee448c8d09f4,哭,kū,울다,3,2025-06-05 02:09:07.413227+00
43dc8062-1b76-40f0-80b9-9fb63c7b0475,啊,a,"감탄사 (놀람, 감탄)",3,2025-06-05 02:09:07.413227+00
450d515d-e208-41e7-b149-37bb26487659,讲,jiǎng,"말하다, 설명하다",3,2025-06-05 02:09:07.413227+00
45693965-f41c-4070-961d-c32af1646448,决定,juédìng,결정하다,3,2025-06-05 02:09:07.413227+00
45750727-7e20-48d3-9ea3-3eaef372982a,动物,dòngwù,동물,3,2025-06-05 02:09:07.413227+00
46249bae-78a1-4021-a34a-a76baa678259,短,duǎn,짧다,3,2025-06-05 02:09:07.413227+00
47da396c-e864-4242-b09b-67b77b9bd6e3,最近,zuìjìn,최근,3,2025-06-05 02:09:07.413227+00
4a2034c6-d27f-4915-a3e8-bb94dde10afb,阿姨,āyí,"이모, 아주머니",3,2025-06-05 02:09:07.413227+00
4b7b1840-554c-4c44-aa5a-dc3bf25d3179,上网,shàngwǎng,인터넷을 하다,3,2025-06-05 02:09:07.413227+00
4b88badd-363b-44a9-a9e0-2134a17d541f,面包,miànbāo,빵,3,2025-06-05 02:09:07.413227+00
4ca8c29e-eba3-40af-a162-31dec5a173a0,注意,zhùyì,주의하다,3,2025-06-05 02:09:07.413227+00
4e3cb6fe-03a6-482e-863d-5cf7f2b7e643,起飞,qǐfēi,이륙하다,3,2025-06-05 02:09:07.413227+00
4e9091c7-a1d8-473f-85f7-67759c32f1d8,条,tiáo,(길고 가는 것을 세는 양사),3,2025-06-05 02:09:07.413227+00
4f8a7c3d-905c-418b-b815-b6f36eecfdf4,环境,huánjìng,환경,3,2025-06-05 02:09:07.413227+00
4f96a887-e1b5-46f6-9ef7-050f7b737e41,干净,gānjìng,깨끗하다,3,2025-06-05 02:09:07.413227+00
500909d4-bfc6-454b-badf-44fed31c0e29,瘦,shòu,"마르다, 여위다",3,2025-06-05 02:09:07.413227+00
51607164-2b33-479e-aed1-1352651402ad,成绩,chéngjì,성적,3,2025-06-05 02:09:07.413227+00
524ce096-8d76-4882-90c6-baf2b677519d,一样,yíyàng,같다,3,2025-06-05 02:09:07.413227+00
531dba3c-e792-481c-bc86-537e179573f5,洗手间,xǐshǒujiān,화장실,3,2025-06-05 02:09:07.413227+00
53cbde2f-83cf-40e1-832b-7faaa4000503,还是,háishì,"여전히, 또는",3,2025-06-05 02:09:07.413227+00
540599b5-2b38-4a80-a853-d083a567beed,比赛,bǐsài,"경기, 시합",3,2025-06-05 02:09:07.413227+00
54b8e7a8-ca0a-4ff1-95ad-bbde22f759cd,要求,yāoqiú,요구하다,3,2025-06-05 02:09:07.413227+00
54cc9308-10c8-46b0-951b-2d4f09a226e3,班,bān,"반, 근무조",3,2025-06-05 02:09:07.413227+00
552cc4a1-2292-4376-bb35-f51f180ba0d9,接,jiē,"받다, 마중 나가다",3,2025-06-05 02:09:07.413227+00
55b37afe-d784-4730-84d5-bf2b3bac469a,关于,guānyú,~에 관하여,3,2025-06-05 02:09:07.413227+00
5673ce51-d356-4f22-b741-ffbf12729b73,会议,huìyì,회의,3,2025-06-05 02:09:07.413227+00
568ae443-fefc-449f-a140-a5732ce60cd5,担心,dānxīn,걱정하다,3,2025-06-05 02:09:07.413227+00
56ed06ed-a690-4757-af72-5626f4163a12,分,fēn,"나누다, 점수, 분(시간)",3,2025-06-05 02:09:07.413227+00
56ef1cbc-cf89-45a7-b931-20750077e9cc,灯,dēng,등 (light),3,2025-06-05 02:09:07.413227+00
570b3eea-390c-4cad-b295-c45bd73674cb,故事,gùshi,"이야기, 동화",3,2025-06-05 02:09:07.413227+00
574eacad-4aa5-4a01-a65c-c9c2132a19a9,发烧,fāshāo,열이 나다,3,2025-06-05 02:09:07.413227+00
577efe15-2e13-4af5-95c7-b32808a40002,自己,zìjǐ,자기 자신,3,2025-06-05 02:09:07.413227+00
5927ac2f-4aac-4fd3-a3c5-d561cb4d8bff,笔记本,bǐjìběn,"노트, 노트북 컴퓨터",3,2025-06-05 02:09:07.413227+00
5a416620-c892-4c2d-8bd7-4af271c0e0aa,司机,sījī,운전기사,3,2025-06-05 02:09:07.413227+00
5c6f9f83-4654-4515-bf6a-77426394be4f,季节,jìjié,계절,3,2025-06-05 02:09:07.413227+00
5cc1dff1-b1b9-4528-b0e4-910108c27ba6,饱,bǎo,배부르다,3,2025-06-05 02:09:07.413227+00
5d5a8a93-ebeb-4798-8ad5-5419484d1bef,照片,zhàopiàn,사진,3,2025-06-05 02:09:07.413227+00
5e7d0647-20fa-4a0c-bd03-671b9ee5ec2c,筷子,kuàizi,젓가락,3,2025-06-05 02:09:07.413227+00
5e837646-d3a0-418a-af42-c020998b1fc5,国家,guójiā,"국가, 나라",3,2025-06-05 02:09:07.413227+00
5f3d1d4b-86b6-4ec9-8426-2f5ab665fa13,以为,yǐwéi,~라고 생각하다 (잘못 생각한 경우),3,2025-06-05 02:09:07.413227+00
60a431ef-95db-49f7-b447-5e7760f3602c,多么,duōme,"얼마나, 참으로",3,2025-06-05 02:09:07.413227+00
60d824aa-8b09-4f5b-997b-ed976ce82ded,方便,fāngbiàn,편리하다,3,2025-06-05 02:09:07.413227+00
61aec23a-bc9e-44ed-8676-ac7e2081fc51,蓝,lán,파란색,3,2025-06-05 02:09:07.413227+00
6336d1c8-8a64-4df1-a12f-13343cb091f4,同事,tóngshì,동료,3,2025-06-05 02:09:07.413227+00
63a941e9-14d2-45ef-936b-afb207140e78,个子,gèzi,"키, 체격",3,2025-06-05 02:09:07.413227+00
640ec8fb-9220-41db-943a-30872fa650a2,而且,érqiě,"게다가, 또한",3,2025-06-05 02:09:07.413227+00
645ccd31-455b-49c3-9d63-9bc239281fef,满意,mǎnyì,만족하다,3,2025-06-05 02:09:07.413227+00
64fe06c9-959b-4347-85bd-5f0edc1de394,发,fā,"보내다, 발송하다",3,2025-06-05 02:09:07.413227+00
654a0514-8750-4b20-82b2-4614bcd5cad9,碗,wǎn,그릇,3,2025-06-05 02:09:07.413227+00
66b259af-72cb-4049-a2eb-a0ced2cec713,自然,zìrán,"자연, 자연스럽다",3,2025-06-05 02:09:07.413227+00
69035fe9-6992-41f7-ba14-af51e2847ae1,黄河,Huáng Hé,황허강,3,2025-06-05 02:09:07.413227+00
69179c3b-d5f5-4f37-81f9-db561bbe79f2,叔叔,shūshu,삼촌,3,2025-06-05 02:09:07.413227+00
697c1a22-eb4c-49ee-9e60-0795d3b4cfe4,老,lǎo,"늙다, 오래되다",3,2025-06-05 02:09:07.413227+00
69af0a8f-51c3-4b3c-98e8-7955cf3e11a6,故事,gùshi,이야기,3,2025-06-05 02:09:07.413227+00
6a3af920-e4df-420f-8599-5404ff634f53,简单,jiǎndān,간단하다,3,2025-06-05 02:09:07.413227+00
6b83826e-1922-4b76-b0b2-58a3b489a8b1,需要,xūyào,필요하다,3,2025-06-05 02:09:07.413227+00
6c2560cd-427c-4ff5-b02d-4f9229b34004,比赛,bǐsài,"경기, 시합",3,2025-06-05 02:09:07.413227+00
6c533729-e5b3-46ef-b80c-e753cdc5026c,街道,jiēdào,거리,3,2025-06-05 02:09:07.413227+00
6c8f7f10-4ff4-4923-bd4e-1e8b78466a56,重要,zhòngyào,중요하다,3,2025-06-05 02:09:07.413227+00
6d92b541-8162-4bf2-af47-5a35ce812e51,经过,jīngguò,"지나가다, 경유하다",3,2025-06-05 02:09:07.413227+00
6f533b03-739f-487a-b4fb-b3d9b092793f,教,jiāo,가르치다,3,2025-06-05 02:09:07.413227+00
72de36fc-05a5-42c1-b3a1-c3919e97e6bb,不但,búdàn,~뿐만 아니라,3,2025-06-05 02:09:07.413227+00
74095e5f-68c4-46dc-91cb-82d7f11f09d8,变化,biànhuà,변화,3,2025-06-05 02:09:07.413227+00
740ae8b3-8c42-4d25-9bf7-49fe2c6b7c3e,北方,běifāng,"북방, 북쪽 지방",3,2025-06-05 02:09:07.413227+00
746baa0c-3fa7-451e-b6aa-e72a92d77a61,低,dī,낮다,3,2025-06-05 02:09:07.413227+00
75f2e71b-46ce-4a97-ad3c-34552409f182,奶奶,nǎinai,할머니,3,2025-06-05 02:09:07.413227+00
782c22c4-67d3-4be3-bc1d-6d000dfa352a,周末,zhōumò,주말,3,2025-06-05 02:09:07.413227+00
79ce6dd9-2103-4f68-919e-6b72d32e872d,同意,tóngyì,동의하다,3,2025-06-05 02:09:07.413227+00
79e09f57-3d75-4f0a-ae6f-63c07730c687,角,jiǎo,"뿔, 모서리, 중국 화폐 단위",3,2025-06-05 02:09:07.413227+00
7aea693e-4486-4476-a3e3-89749a2f71e6,邻居,línjū,이웃,3,2025-06-05 02:09:07.413227+00
7c21ebb7-8727-4db5-aa09-5d26a867dfcf,聪明,cōngming,"똑똑하다, 총명하다",3,2025-06-05 02:09:07.413227+00
7d0f4c5f-82be-4346-bafd-8351987f189e,打扫,dǎsǎo,청소하다,3,2025-06-05 02:09:07.413227+00
7eae4267-b5c6-41d4-822a-429097352554,马,mǎ,말 (동물),3,2025-06-05 02:09:07.413227+00
7fd545b8-7aa9-4dc2-9e1d-d8c2472f2afd,放,fàng,"놓다, 놓아두다",3,2025-06-05 02:09:07.413227+00
7fd63ac7-69b7-4965-968e-d89f92452fe4,终于,zhōngyú,드디어,3,2025-06-05 02:09:07.413227+00
8094c2ce-776b-46e6-a199-38828a8a7048,经理,jīnglǐ,"매니저, 사장",3,2025-06-05 02:09:07.413227+00
814bd569-8d46-45e7-b21f-9e107ee8ee93,检查,jiǎnchá,검사하다,3,2025-06-05 02:09:07.413227+00
820fba31-ec69-4442-bffc-70406ff86346,骑,qí,(자전거·말을) 타다,3,2025-06-05 02:09:07.413227+00
82295d4e-2e31-4b5c-9d59-f874d6d42968,电子邮件,diànzǐ yóujiàn,이메일,3,2025-06-05 02:09:07.413227+00
829a47c2-f35c-43db-bc2c-857224262439,草,cǎo,풀,3,2025-06-05 02:09:07.413227+00
833d89e4-7b3f-4eb6-8a5c-af1223b44f76,糖,táng,사탕,3,2025-06-05 02:09:07.413227+00
8589d67d-e155-44d3-afa1-491247711ff2,表演,biǎoyǎn,"공연하다, 연기하다",3,2025-06-05 02:09:07.413227+00
895db3ce-962f-4fc1-93d3-e90f0d00b4f4,突然,tūrán,갑자기,3,2025-06-05 02:09:07.413227+00
8b7ac891-4fa7-4d1c-9496-429dfa60e397,或者,huòzhě,"또는, 혹은",3,2025-06-05 02:09:07.413227+00
8c481d9b-7416-4b65-85ed-058bd2ac51c4,着急,zháojí,"조급해하다, 걱정하다",3,2025-06-05 02:09:07.413227+00
8cedecd6-d581-47aa-96a7-9cdfdfbf457e,迟到,chídào,지각하다,3,2025-06-05 02:09:07.413227+00
8d4863a3-8191-4df9-bcf0-48febc186ed5,冰箱,bīngxiāng,냉장고,3,2025-06-05 02:09:07.413227+00
8ec68abc-f0cd-40df-a67b-429d35902704,甜,tián,달다,3,2025-06-05 02:09:07.413227+00
908646dc-3842-43dd-a198-b2cbb5f4e52d,特别,tèbié,"특별히, 매우",3,2025-06-05 02:09:07.413227+00
908f4f18-b76f-47c3-b41f-ed5268fcf416,难过,nánguò,"괴롭다, 슬프다",3,2025-06-05 02:09:07.413227+00
90f359ad-073b-4493-844e-70fa188e2e14,关系,guānxì,관계,3,2025-06-05 02:09:07.413227+00
91036cfe-2fc3-4749-805f-53fd7122356b,当然,dāngrán,당연하다,3,2025-06-05 02:09:07.413227+00
910b230a-f474-4b26-98fe-daddb30ef092,像,xiàng,~와 같다,3,2025-06-05 02:09:07.413227+00
912cd892-663a-423a-9514-090a509acd91,习惯,xíguàn,"습관, 익숙하다",3,2025-06-05 02:09:07.413227+00
91319308-c82e-490d-b6dc-4025da0d836e,打算,dǎsuàn,계획하다,3,2025-06-05 02:09:07.413227+00
958e2d0e-c245-4435-b638-b0e338e145b0,一会儿,yíhuìr,"잠시, 잠깐",3,2025-06-05 02:09:07.413227+00
9595bfc0-b05e-4abf-8f6c-8909137622ea,短信,duǎnxìn,문자 메시지,3,2025-06-05 02:09:07.413227+00
95ddc98c-8f8f-4d36-82aa-969214d683ec,啊,a,"아, 감탄사",3,2025-06-05 02:09:07.413227+00
994b6425-de48-4d4f-9e98-28a1203313b9,鼻子,bízi,코,3,2025-06-05 02:09:07.413227+00
99e1da4d-9035-4a36-af2a-2c72d0e311c4,校长,xiàozhǎng,"교장, 학장",3,2025-06-05 02:09:07.413227+00
99f0540a-1595-489e-bb70-289fbe2951a5,长,zhǎng,자라다,3,2025-06-05 02:09:07.413227+00
9c1b01d1-ba76-4df9-ab8e-fa31e3bc7b5d,爬山,páshān,등산하다,3,2025-06-05 02:09:07.413227+00
9c203a4f-1d09-49fb-b767-2ce41541d309,过去,guòqù,"과거, 지나가다",3,2025-06-05 02:09:07.413227+00
9c556f88-bedd-4482-af9c-b5ef28f2058b,站,zhàn,"서다, 정거장",3,2025-06-05 02:09:07.413227+00
9da7bb67-c2a1-4787-8371-d211823b2cfa,春,chūn,봄,3,2025-06-05 02:09:07.413227+00
9e4f0201-c305-46de-93c3-e1e47d2333e3,词语,cíyǔ,단어와 어구,3,2025-06-05 02:09:07.413227+00
9ffd7ae4-56b2-414b-9346-e8e0558d4723,位,wèi,분(사람을 세는 존칭),3,2025-06-05 02:09:07.413227+00
a011648f-5e6f-4f5a-b05f-2c95d96fc60b,完成,wánchéng,완성하다,3,2025-06-05 02:09:07.413227+00
a0ab9de9-0b52-43ff-b141-d5ccfcf054fb,明白,míngbai,"이해하다, 분명하다",3,2025-06-05 02:09:07.413227+00
a0fb072e-92b4-43f7-9e95-de52bc5204a5,电子邮件,diànzǐ yóujiàn,이메일,3,2025-06-05 02:09:07.413227+00
a19e06e4-8693-426b-aadc-bf01f3a44df5,客人,kèrén,손님,3,2025-06-05 02:09:07.413227+00
a1c7b5cc-7954-4fa7-8206-ce448ea5f611,关心,guānxīn,관심을 가지다,3,2025-06-05 02:09:07.413227+00
a24b3dc6-e14f-41b9-86f2-dccca832ea44,了解,liǎojiě,"이해하다, 알다",3,2025-06-05 02:09:07.413227+00
a25c280c-a59e-4182-b6a3-d92bf5e097eb,米,mǐ,"쌀, 미터",3,2025-06-05 02:09:07.413227+00
a27a022b-2316-47e3-910f-a1550c042ef8,拿,ná,"들다, 잡다",3,2025-06-05 02:09:07.413227+00
a42579d1-b52e-477d-8391-d98ad62b0cb5,先,xiān,먼저,3,2025-06-05 02:09:07.413227+00
a5d8931a-6616-481e-9ce0-3ae5b038ff45,地铁,dìtiě,지하철,3,2025-06-05 02:09:07.413227+00
a61ec271-a0c9-45f1-ac9b-8bd69720e1f2,图书馆,túshūguǎn,도서관,3,2025-06-05 02:09:07.413227+00
a64a475f-7563-4b48-9a35-e6e459241ffd,饱,bǎo,배부르다,3,2025-06-05 02:09:07.413227+00
a6d58d14-92bc-4840-97e1-7b3c6fd8a732,容易,róngyì,쉽다,3,2025-06-05 02:09:07.413227+00
a7df0c57-6a8b-4f33-9879-626bf00d8a73,借,jiè,"빌리다, 빌려주다",3,2025-06-05 02:09:07.413227+00
a825e5fc-03dd-4796-ba92-9d69e8dc5ca8,为了,wèile,~하기 위해서,3,2025-06-05 02:09:07.413227+00
a8b8604a-dfbc-4649-9dba-0522ce22de9e,附近,fùjìn,"부근, 근처",3,2025-06-05 02:09:07.413227+00
a9b825b3-ef5d-465a-9011-5a0c307bdec3,新鲜,xīnxiān,신선하다,3,2025-06-05 02:09:07.413227+00
aad2f3be-caa0-4579-8ea0-7d6fc4876e5a,超市,chāoshì,슈퍼마켓,3,2025-06-05 02:09:07.413227+00
aaf75d92-bd2a-4559-97d7-088848eb9f6b,盘子,pánzi,접시,3,2025-06-05 02:09:07.413227+00
aba79f2c-0978-4ef1-bac3-ba699093ba4a,洗澡,xǐzǎo,"목욕하다, 샤워하다",3,2025-06-05 02:09:07.413227+00
abc0b5e9-dd6f-4772-8cec-e8be9e1a18d0,辆,liàng,대(차량을 세는 단위),3,2025-06-05 02:09:07.413227+00
aca13dfa-cf42-4bda-b79f-3d95304f0619,饿,è,배고프다,3,2025-06-05 02:09:07.413227+00
ad9cfede-d8cb-4ac2-abcb-564d459e51e0,奇怪,qíguài,이상하다,3,2025-06-05 02:09:07.413227+00
ae744626-1482-4b96-bae0-e824fc382aa3,世界,shìjiè,세계,3,2025-06-05 02:09:07.413227+00
b1e0090e-ee6a-4e03-b0ad-848d9272f5f4,地图,dìtú,지도,3,2025-06-05 02:09:07.413227+00
b24245da-130c-4668-8a66-7d934ac63bc7,空调,kōngtiáo,에어컨,3,2025-06-05 02:09:07.413227+00
b5e5a8f9-ed29-4443-9759-c2abc311b197,然后,ránhòu,"그런 후에, 그리고 나서",3,2025-06-05 02:09:07.413227+00
b89cfb84-326a-4ff4-91a6-2803911419f3,结婚,jiéhūn,결혼하다,3,2025-06-05 02:09:07.413227+00
b8f07fc1-2064-4867-88eb-64cf61eebb8b,降落,jiàngluò,착륙하다,3,2025-06-05 02:09:07.413227+00
ba7587e2-6233-4510-a52e-156474199345,有名,yǒumíng,유명하다,3,2025-06-05 02:09:07.413227+00
bec1f5c0-56c7-40c4-89d4-35f8cf0a98e9,北方,běifāng,북방,3,2025-06-05 02:09:07.413227+00
bf5a9f0b-ad54-4b6c-bd59-149f85f41281,解决,jiějué,해결하다,3,2025-06-05 02:09:07.413227+00
c1fd0c82-e3a5-420d-bb50-2817241719c9,普通话,pǔtōnghuà,표준어 (보통화),3,2025-06-05 02:09:07.413227+00
c24b581d-7329-4b4a-a6a6-1f2a16f3c9cf,节日,jiérì,명절,3,2025-06-05 02:09:07.413227+00
c32178a5-0821-496d-963b-adb7c491a5e7,作业,zuòyè,숙제,3,2025-06-05 02:09:07.413227+00
c36233ef-e91c-44e2-b909-8d448214061d,个子,gèzi,"키, 체격",3,2025-06-05 02:09:07.413227+00
c40cf16e-0f5a-4507-8e65-16f93cb0179f,而且,érqiě,"게다가, 또한",3,2025-06-05 02:09:07.413227+00
c451da9e-6e18-4e49-a6f9-3477c8f4ecb4,放心,fàngxīn,안심하다,3,2025-06-05 02:09:07.413227+00
c4d11f4d-e592-4e77-9fb8-0dccb7f03a41,帮忙,bāngmáng,돕다,3,2025-06-05 02:09:07.413227+00
c4dc8c50-6b13-46e0-901c-6f49fbc4e8c1,厉害,lìhai,"대단하다, 심하다",3,2025-06-05 02:09:07.413227+00
c57b0238-4d17-4c04-9952-0758d0695124,矮,ǎi,(키가) 작다,3,2025-06-05 02:09:07.413227+00
c65b61eb-3ad9-4739-818c-7a4105ab29b8,刮风,guā fēng,바람이 불다,3,2025-06-05 02:09:07.413227+00
c6ae4ba3-a3ae-46f4-b742-30d3ac41d410,一共,yígòng,"모두, 합계",3,2025-06-05 02:09:07.413227+00
c79651c1-dce0-4fb9-80bb-918c91df1521,经常,jīngcháng,자주,3,2025-06-05 02:09:07.413227+00
c8f8e80f-65d6-4a07-959c-f2ad25c2748a,层,céng,층,3,2025-06-05 02:09:07.413227+00
c93077e7-15f0-4883-8d98-9fcae1d08f39,必须,bìxū,반드시 ~해야 한다,3,2025-06-05 02:09:07.413227+00
c959ad67-16e4-43ea-b400-4ac8df1a4c5c,句子,jùzi,문장,3,2025-06-05 02:09:07.413227+00
c9e24939-a9fb-4ff6-ba56-334a3da3c62c,地图,dìtú,지도,3,2025-06-05 02:09:07.413227+00
ca0f378b-2a60-4b5d-bb1c-7b934db79033,聪明,cōngming,총명하다,3,2025-06-05 02:09:07.413227+00
ca186910-3a8a-4edf-843e-08cc4a8f9f1c,文化,wénhuà,문화,3,2025-06-05 02:09:07.413227+00
caa796fa-5dc9-4420-b97d-7f1cd3291f81,马上,mǎshàng,"곧, 즉시",3,2025-06-05 02:09:07.413227+00
cd4ae53c-b710-4335-90ae-baf3d22988ea,可爱,kě'ài,귀엽다,3,2025-06-05 02:09:07.413227+00
cd839c21-0d4e-4ff6-af88-575f7cac4250,认为,rènwéi,~라고 여기다,3,2025-06-05 02:09:07.413227+00
cd9004a6-228b-444d-9b6d-763b58ec86d3,生气,shēngqì,화나다,3,2025-06-05 02:09:07.413227+00
cde39892-9d25-4cc7-9a04-1f798640477a,记得,jìde,기억하다,3,2025-06-05 02:09:07.413227+00
ce170592-3562-43ab-8e1b-9fa3512db46c,花,huā,"꽃, 돈을 쓰다",3,2025-06-05 02:09:07.413227+00
cef8a3e4-5298-48da-8193-766587c67150,蛋糕,dàngāo,케이크,3,2025-06-05 02:09:07.413227+00
cfb02fcc-e144-41f1-8b18-63fe9648ed73,感兴趣,gǎn xìngqù,흥미를 느끼다,3,2025-06-05 02:09:07.413227+00
cffe13e0-8b06-45d7-bbac-e16e554e646c,中间,zhōngjiān,중간,3,2025-06-05 02:09:07.413227+00
d23e4e90-7d5c-49a5-912d-4f1983f1b772,坏,huài,"나쁘다, 고장 나다",3,2025-06-05 02:09:07.413227+00
d312df29-b88e-4682-b741-ba6f583f7430,夏,xià,여름,3,2025-06-05 02:09:07.413227+00
d3394960-dd5c-45b4-9335-0db1f8459b3e,信,xìn,"편지, 믿다",3,2025-06-05 02:09:07.413227+00
d3cea0e1-938c-4ff5-9d02-769d6f250593,双,shuāng,"쌍, 켤레",3,2025-06-05 02:09:07.413227+00
d440f192-1100-4bb9-8f58-4dac2ec13c99,比较,bǐjiào,비교적,3,2025-06-05 02:09:07.413227+00
d4baee85-3efe-46f9-8265-332332189c16,举行,jǔxíng,개최하다,3,2025-06-05 02:09:07.413227+00
d4e15a00-563e-4c1d-9792-9e9c8510d3ca,厨房,chúfáng,"주방, 부엌",3,2025-06-05 02:09:07.413227+00
d4ff7c55-b799-4c51-af4d-91cf588c1cc3,年级,niánjí,학년,3,2025-06-05 02:09:07.413227+00
d6a04f14-3f44-45b7-88b9-52ed60422c27,努力,nǔlì,노력하다,3,2025-06-05 02:09:07.413227+00
d7938f2e-309d-43c8-b0c8-fde554975fb1,菜单,càidān,메뉴판,3,2025-06-05 02:09:07.413227+00
d85b16bc-4ac3-4b53-bd04-7b2036c62b03,笔记本,bǐjìběn,"노트, 노트북",3,2025-06-05 02:09:07.413227+00
d8a8d9aa-e8ff-46dc-930f-f3efbf0859d4,节目,jiémù,"프로그램, 공연",3,2025-06-05 02:09:07.413227+00
d94cf2b0-0ef4-467f-9984-937f66e1afe3,离开,líkāi,떠나다,3,2025-06-05 02:09:07.413227+00
d9ce539e-2b1d-4f1e-8edd-f35dd2ef06fd,裤子,kùzi,바지,3,2025-06-05 02:09:07.413227+00
db36d7e2-ee7f-451d-a970-9906c9c21b6c,害怕,hàipà,두려워하다,3,2025-06-05 02:09:07.413227+00
dc7d6f82-e76d-4bc3-bfd1-00fceef580b1,宾馆,bīnguǎn,호텔,3,2025-06-05 02:09:07.413227+00
dced2737-26b4-4c18-b350-4df80aeb2f3f,阿姨,āyí,"아주머니, 이모",3,2025-06-05 02:09:07.413227+00
dd1dbf87-c0f4-4e2c-8d62-5b8100b4947c,香蕉,xiāngjiāo,바나나,3,2025-06-05 02:09:07.413227+00
e00901ae-6c37-42b0-a785-d72238dc1b61,选择,xuǎnzé,선택하다,3,2025-06-05 02:09:07.413227+00
e15ef187-eb7f-49d9-b6d2-de02e1877d85,绿,lǜ,초록색,3,2025-06-05 02:09:07.413227+00
e277b55b-1535-41ed-b94c-7de378c0e5fe,影响,yǐngxiǎng,영향을 주다,3,2025-06-05 02:09:07.413227+00
e3dd148b-304c-46f2-8d67-de74392d4f0d,别人,biéren,다른 사람,3,2025-06-05 02:09:07.413227+00
e51c854d-0189-4139-9127-3d58545be5c6,舒服,shūfu,편안하다,3,2025-06-05 02:09:07.413227+00
e63ef25e-2964-4737-96d1-f1af2cdad53c,西,xī,서쪽,3,2025-06-05 02:09:07.413227+00
e79da19c-9264-447a-abbf-1a6025790217,声音,shēngyīn,"소리, 목소리",3,2025-06-05 02:09:07.413227+00
ea527bd5-e9fa-4f1a-86d2-b3f759c3c050,黑板,hēibǎn,칠판,3,2025-06-05 02:09:07.413227+00
ea8d9443-ca37-404f-a8a7-f6d56beaa7e5,腿,tuǐ,다리,3,2025-06-05 02:09:07.413227+00
eacae2c9-b24d-4b9b-9e29-8f645c610a3d,冰箱,bīngxiāng,냉장고,3,2025-06-05 02:09:07.413227+00
eaccc177-2e52-4cc4-8833-3fe7d74c18e0,词语,cíyǔ,"단어, 어휘",3,2025-06-05 02:09:07.413227+00
ebbc17ba-6462-4ff6-9c54-15e83a765d47,发现,fāxiàn,발견하다,3,2025-06-05 02:09:07.413227+00
ebc4e889-44b7-4fb1-ae3f-76a6e5ba1903,应该,yīnggāi,~해야 한다,3,2025-06-05 02:09:07.413227+00
eedc6484-f263-4e6f-b268-007ae07f041f,健康,jiànkāng,건강하다,3,2025-06-05 02:09:07.413227+00
f1e11148-2f6d-4977-9b5e-0e3ab606d918,衬衫,chènshān,셔츠,3,2025-06-05 02:09:07.413227+00
f1ee108d-b92b-46fb-a853-42ecb5da2ecf,棒,bàng,"훌륭하다, 대단하다",3,2025-06-05 02:09:07.413227+00
f2211590-a15b-457e-84e2-0003b5e2ecb0,办法,bànfǎ,방법,3,2025-06-05 02:09:07.413227+00
f2329eb0-dfc3-4d20-ae43-f6fd30ec161e,嘴,zuǐ,입,3,2025-06-05 02:09:07.413227+00
f32ad1e6-766e-4341-a56a-2599aadc5f9d,数学,shùxué,수학,3,2025-06-05 02:09:07.413227+00
f32e81c7-8dfb-4f6f-88c6-644c72596519,水平,shuǐpíng,수준,3,2025-06-05 02:09:07.413227+00
f4509204-08a9-4b94-a0c3-8877f9eaccd6,刚才,gāngcái,"방금, 조금 전에",3,2025-06-05 02:09:07.413227+00
f55f7b32-4d69-4ce1-88d7-338d4196d5d0,种,zhǒng,"종류, 심다",3,2025-06-05 02:09:07.413227+00
f5de8d15-c7fd-481d-9f19-af722e08ebfc,换,huàn,"바꾸다, 교환하다",3,2025-06-05 02:09:07.413227+00
f85c54fb-ae27-4f70-8872-61eaa584f2ae,月亮,yuèliang,달,3,2025-06-05 02:09:07.413227+00
f87f11ec-6a65-4a0f-b8fd-c31ae188f7fe,比较,bǐjiào,"비교적, 상대적으로",3,2025-06-05 02:09:07.413227+00
f9124416-ffee-4382-aa88-47385fc4cffd,极,jí,"아주, 극히",3,2025-06-05 02:09:07.413227+00
f9167531-9ac2-48ee-a5d5-78024b6911c4,照相机,zhàoxiàngjī,카메라,3,2025-06-05 02:09:07.413227+00
f9968d46-f023-415c-8b59-f194c498d555,关,guān,"닫다, 끄다",3,2025-06-05 02:09:07.413227+00
fd27ceb3-abd3-412b-b327-e1c46b303946,裙子,qúnzi,치마,3,2025-06-05 02:09:07.413227+00
fe3140b6-5a7e-404c-a3f1-5c6033b1dee9,楼,lóu,"건물, 층",3,2025-06-05 02:09:07.413227+00
fe4b9301-9892-413c-91f5-16eab50c7e16,方便,fāngbiàn,편리하다,3,2025-06-05 02:09:07.413227+00
fe6face9-7721-48f9-a0d2-cb05c8501e66,护照,hùzhào,여권,3,2025-06-05 02:09:07.413227+00